{
	"info": {
		"_postman_id": "374d893a-38e8-4940-9687-2bc0aaf5ad90",
		"name": "ktor_cap12_verbos desde IDE",
		"schema": "https://schema.getpostman.com/json/collection/v2.1.0/collection.json",
		"_exporter_id": "22481179"
	},
	"item": [
		{
			"name": "login",
			"request": {
				"method": "GET",
				"header": [],
				"url": {
					"raw": "http://127.0.0.1:8080/login",
					"protocol": "http",
					"host": [
						"127",
						"0",
						"0",
						"1"
					],
					"port": "8080",
					"path": [
						"login"
					]
				},
				"description": "login"
			},
			"response": []
		},
		{
			"name": "logout",
			"request": {
				"method": "GET",
				"header": [],
				"url": {
					"raw": "http://127.0.0.1:8080/logout",
					"protocol": "http",
					"host": [
						"127",
						"0",
						"0",
						"1"
					],
					"port": "8080",
					"path": [
						"logout"
					]
				}
			},
			"response": []
		},
		{
			"name": "Numero de sesiones activas",
			"request": {
				"method": "GET",
				"header": [
					{
						"key": "",
						"value": "b73f9b7afe159520949f422fdff3810b/f54796f5fb22fa0d3ed32de55e8328daa184c66b3076e7062f7898ca3c95ee02",
						"type": "text",
						"disabled": true
					}
				],
				"url": {
					"raw": "http://127.0.0.1:8080/activas",
					"protocol": "http",
					"host": [
						"127",
						"0",
						"0",
						"1"
					],
					"port": "8080",
					"path": [
						"activas"
					]
				}
			},
			"response": []
		},
		{
			"name": "Parar",
			"request": {
				"method": "GET",
				"header": [],
				"url": {
					"raw": "http://127.0.0.1:8080/parar",
					"protocol": "http",
					"host": [
						"127",
						"0",
						"0",
						"1"
					],
					"port": "8080",
					"path": [
						"parar"
					]
				}
			},
			"response": []
		},
		{
			"name": "Añadir infinitivo",
			"request": {
				"method": "PUT",
				"header": [],
				"body": {
					"mode": "raw",
					"raw": " {\r\n        \"verbo\": \"cantar\"\r\n }",
					"options": {
						"raw": {
							"language": "json"
						}
					}
				},
				"url": {
					"raw": "http://127.0.0.1:8080/ktor-cap12-1.2/verbo/add1",
					"protocol": "http",
					"host": [
						"127",
						"0",
						"0",
						"1"
					],
					"port": "8080",
					"path": [
						"",
						"ktor-cap12-1.2",
						"verbo",
						"add1"
					],
					"query": [
						{
							"key": "verb",
							"value": "cantar",
							"disabled": true
						}
					]
				}
			},
			"response": []
		},
		{
			"name": "Añadir infinitivo 2",
			"request": {
				"method": "PUT",
				"header": [],
				"body": {
					"mode": "raw",
					"raw": " {\r\n        \"verbo\": \"ser\"\r\n }",
					"options": {
						"raw": {
							"language": "json"
						}
					}
				},
				"url": {
					"raw": "http://127.0.0.1:8080/ktor-cap12-1.2/verbo/add1",
					"protocol": "http",
					"host": [
						"127",
						"0",
						"0",
						"1"
					],
					"port": "8080",
					"path": [
						"ktor-cap12-1.2",
						"verbo",
						"add1"
					],
					"query": [
						{
							"key": "verb",
							"value": "cantar",
							"disabled": true
						}
					]
				}
			},
			"response": []
		},
		{
			"name": "Conjugar",
			"request": {
				"method": "GET",
				"header": [],
				"url": {
					"raw": "http://127.0.0.1:8080/ktor-cap12-1.2/verbo/conjugar",
					"protocol": "http",
					"host": [
						"127",
						"0",
						"0",
						"1"
					],
					"port": "8080",
					"path": [
						"ktor-cap12-1.2",
						"verbo",
						"conjugar"
					]
				}
			},
			"response": []
		},
		{
			"name": "Borrar infinitivo",
			"request": {
				"method": "DELETE",
				"header": [],
				"body": {
					"mode": "raw",
					"raw": " {\r\n        \"verbo\": \"cantar\"\r\n }",
					"options": {
						"raw": {
							"language": "json"
						}
					}
				},
				"url": {
					"raw": "http://127.0.0.1:8080/ktor-cap12-1.2/verbo",
					"protocol": "http",
					"host": [
						"127",
						"0",
						"0",
						"1"
					],
					"port": "8080",
					"path": [
						"ktor-cap12-1.2",
						"verbo"
					],
					"query": [
						{
							"key": "verb",
							"value": "casar",
							"disabled": true
						}
					]
				}
			},
			"response": []
		}
	]
}